Team,Year,Player Name
Afghanistan,2010,Nawroz Mangal
Afghanistan,2010,Asghar Afghan
Afghanistan,2010,Karim Sadiq
Afghanistan,2010,Mohammad Shahzad
Afghanistan,2010,Noor Ali Zadran
Afghanistan,2010,Raees Ahmadzai
Afghanistan,2010,Shabir Noori
Afghanistan,2010,Shafiqullah
Afghanistan,2010,Mohammad Nabi
Afghanistan,2010,Samiullah Shinwari
Afghanistan,2010,Dawlat Ahmadzai
Afghanistan,2010,Hamid Hassan
Afghanistan,2010,Mirwais Ashraf
Afghanistan,2010,Shapoor Zadran
Afghanistan,2010,Sayed Nasratullah
Afghanistan,2012,Nawroz Mangal
Afghanistan,2012,Asghar Afghan
Afghanistan,2012,Javed Ahmadi
Afghanistan,2012,Karim Sadiq
Afghanistan,2012,Mohammad Shahzad
Afghanistan,2012,Najibullah Zadran
Afghanistan,2012,Shafiqullah
Afghanistan,2012,Gulbadin Naib
Afghanistan,2012,Mohammad Nabi
Afghanistan,2012,Samiullah Shinwari
Afghanistan,2012,Dawlat Zadran
Afghanistan,2012,Hamid Hassan
Afghanistan,2012,Izatullah Dawlatzai
Afghanistan,2012,Mohammad Nasim Baras
Afghanistan,2012,Shapoor Zadran
Afghanistan,2014,Asghar Afghan
Afghanistan,2014,Karim Sadiq
Afghanistan,2014,Mohammad Shahzad
Afghanistan,2014,Najeeb Tarakai
Afghanistan,2014,Najibullah Zadran
Afghanistan,2014,Nawroz Mangal
Afghanistan,2014,Shafiqullah
Afghanistan,2014,Mohammad Nabi
Afghanistan,2014,Amir Hamza
Afghanistan,2014,Gulbadin Naib
Afghanistan,2014,Samiullah Shinwari
Afghanistan,2014,Aftab Alam
Afghanistan,2014,Dawlat Zadran
Afghanistan,2014,Mirwais Ashraf
Afghanistan,2014,Shapoor Zadran
Afghanistan,2016,Asghar Afghan
Afghanistan,2016,Karim Sadiq
Afghanistan,2016,Mohammad Shahzad
Afghanistan,2016,Najibullah Zadran
Afghanistan,2016,Noor Ali Zadran
Afghanistan,2016,Shafiqullah
Afghanistan,2016,Usman Ghani
Afghanistan,2016,Amir Hamza
Afghanistan,2016,Gulbadin Naib
Afghanistan,2016,Mohammad Nabi
Afghanistan,2016,Rashid Khan
Afghanistan,2016,Samiullah Shinwari
Afghanistan,2016,Dawlat Zadran
Afghanistan,2016,Hamid Hassan
Afghanistan,2016,Shapoor Zadran
Afghanistan,2021,Hashmatullah Shahidi
Afghanistan,2021,Hazratullah Zazai
Afghanistan,2021,Mohammad Shahzad
Afghanistan,2021,Najibullah Zadran
Afghanistan,2021,Rahmanullah Gurbaz
Afghanistan,2021,Usman Ghani
Afghanistan,2021,Mohammad Nabi
Afghanistan,2021,Gulbadin Naib
Afghanistan,2021,Karim Janat
Afghanistan,2021,Rashid Khan
Afghanistan,2021,Sharafuddin Ashraf
Afghanistan,2021,Fareed Ahmad
Afghanistan,2021,Hamid Hassan
Afghanistan,2021,Mujeeb Ur Rahman
Afghanistan,2021,Naveen-ul-Haq
Afghanistan,2022,Darwish Rasooli
Afghanistan,2022,Ibrahim Zadran
Afghanistan,2022,Najibullah Zadran
Afghanistan,2022,Rahmanullah Gurbaz
Afghanistan,2022,Usman Ghani
Afghanistan,2022,Mohammad Nabi
Afghanistan,2022,Azmatullah Omarzai
Afghanistan,2022,Gulbadin Naib
Afghanistan,2022,Rashid Khan
Afghanistan,2022,Fareed Ahmad
Afghanistan,2022,Fazalhaq Farooqi
Afghanistan,2022,Mohammad Saleem
Afghanistan,2022,Mujeeb Ur Rahman
Afghanistan,2022,Naveen-ul-Haq
Afghanistan,2022,Qais Ahmad
Afghanistan,2024,Rahmanullah Gurbaz
Afghanistan,2024,Hazratullah Zazai
Afghanistan,2024,Ibrahim Zadran
Afghanistan,2024,Mohammad Ishaq
Afghanistan,2024,Najibullah Zadran
Afghanistan,2024,Rashid Khan
Afghanistan,2024,Azmatullah Omarzai
Afghanistan,2024,Gulbadin Naib
Afghanistan,2024,Karim Janat
Afghanistan,2024,Mohammad Nabi
Afghanistan,2024,Nangeyalia Kharote
Afghanistan,2024,Fareed Ahmad
Afghanistan,2024,Fazalhaq Farooqi
Afghanistan,2024,Naveen-ul-Haq
Afghanistan,2024,Noor Ahmad
Australia,2007,Adam Gilchrist
Australia,2007,Michael Clarke
Australia,2007,Brad Haddin
Australia,2007,Matthew Hayden
Australia,2007,Brad Hodge
Australia,2007,Michael Hussey
Australia,2007,Brad Hogg
Australia,2007,Andrew Symonds
Australia,2007,Nathan Bracken
Australia,2007,Stuart Clark
Australia,2007,Ben Hilfenhaus
Australia,2007,Mitchell Johnson
Australia,2007,Brett Lee
Australia,2009,Ricky Ponting
Australia,2009,Michael Clarke
Australia,2009,Brad Haddin
Australia,2009,Michael Hussey
Australia,2009,David Warner
Australia,2009,Cameron White
Australia,2009,James Hopes
Australia,2009,David Hussey
Australia,2009,Shane Watson
Australia,2009,Nathan Bracken
Australia,2009,Nathan Hauritz
Australia,2009,Ben Hilfenhaus
Australia,2009,Mitchell Johnson
Australia,2009,Brett Lee
Australia,2009,Peter Siddle
Australia,2010,Michael Clarke
Australia,2010,Brad Haddin
Australia,2010,Michael Hussey
Australia,2010,Tim Paine
Australia,2010,Steven Smith
Australia,2010,David Warner
Australia,2010,Cameron White
Australia,2010,Dan Christian
Australia,2010,David Hussey
Australia,2010,Shane Watson
Australia,2010,Ryan Harris
Australia,2010,Nathan Hauritz
Australia,2010,Mitchell Johnson
Australia,2010,Dirk Nannes
Australia,2010,Shaun Tait
Australia,2012,George Bailey
Australia,2012,Michael Hussey
Australia,2012,Matthew Wade
Australia,2012,David Warner
Australia,2012,Cameron White
Australia,2012,Shane Watson
Australia,2012,Dan Christian
Australia,2012,Brad Hogg
Australia,2012,David Hussey
Australia,2012,Glenn Maxwell
Australia,2012,Pat Cummins
Australia,2012,Xavier Doherty
Australia,2012,Ben Hilfenhaus
Australia,2012,Clint McKay
Australia,2012,Mitchell Starc
Australia,2014,George Bailey
Australia,2014,Aaron Finch
Australia,2014,Brad Haddin
Australia,2014,Brad Hodge
Australia,2014,David Warner
Australia,2014,Cameron White
Australia,2014,Dan Christian
Australia,2014,Nathan Coulter-Nile
Australia,2014,James Faulkner
Australia,2014,Brad Hogg
Australia,2014,Glenn Maxwell
Australia,2014,Shane Watson
Australia,2014,Doug Bollinger
Australia,2014,James Muirhead
Australia,2014,Mitchell Starc
Australia,2016,Steven Smith
Australia,2016,David Warner
Australia,2016,Aaron Finch
Australia,2016,Usman Khawaja
Australia,2016,Peter Nevill
Australia,2016,Nathan Coulter-Nile
Australia,2016,James Faulkner
Australia,2016,John Hastings
Australia,2016,Mitchell Marsh
Australia,2016,Glenn Maxwell
Australia,2016,Shane Watson
Australia,2016,Ashton Agar
Australia,2016,Josh Hazlewood
Australia,2016,Andrew Tye
Australia,2016,Adam Zampa
Australia,2021,Aaron Finch
Australia,2021,Josh Inglis
Australia,2021,Steven Smith
Australia,2021,Matthew Wade
Australia,2021,David Warner
Australia,2021,Dan Christian
Australia,2021,Mitchell Marsh
Australia,2021,Glenn Maxwell
Australia,2021,Daniel Sams
Australia,2021,Marcus Stoinis
Australia,2021,Pat Cummins
Australia,2021,Ashton Agar
Australia,2021,Nathan Ellis
Australia,2021,Josh Hazlewood
Australia,2021,Kane Richardson
Australia,2021,Mitchell Starc
Australia,2021,Mitchell Swepson
Australia,2021,Adam Zampa
Australia,2022,Aaron Finch
Australia,2022,Tim David
Australia,2022,Steven Smith
Australia,2022,Matthew Wade
Australia,2022,David Warner
Australia,2022,Cameron Green
Australia,2022,Mitchell Marsh
Australia,2022,Glenn Maxwell
Australia,2022,Marcus Stoinis
Australia,2022,Pat Cummins
Australia,2022,Ashton Agar
Australia,2022,Josh Hazlewood
Australia,2022,Kane Richardson
Australia,2022,Mitchell Starc
Australia,2022,Adam Zampa
Australia,2024,Tim David
Australia,2024,Travis Head
Australia,2024,Josh Inglis
Australia,2024,Matthew Wade
Australia,2024,David Warner
Australia,2024,Mitchell Marsh
Australia,2024,Cameron Green
Australia,2024,Glenn Maxwell
Australia,2024,Marcus Stoinis
Australia,2024,Ashton Agar
Australia,2024,Pat Cummins
Australia,2024,Nathan Ellis
Australia,2024,Josh Hazlewood
Australia,2024,Mitchell Starc
Australia,2024,Adam Zampa
Bangladesh,2007,Mohammad Ashraful
Bangladesh,2007,Aftab Ahmed
Bangladesh,2007,Zunaed Siddique
Bangladesh,2007,Mushfiqur Rahim
Bangladesh,2007,Nadif Chowdhury
Bangladesh,2007,Nazimuddin
Bangladesh,2007,Tamim Iqbal
Bangladesh,2007,Alok Kapali
Bangladesh,2007,Farhad Reza
Bangladesh,2007,Mahmudullah
Bangladesh,2007,Shakib Al Hasan
Bangladesh,2007,Ziaur Rahman
Bangladesh,2007,Mashrafe Mortaza
Bangladesh,2007,Abdur Razzak
Bangladesh,2007,Syed Rasel
Bangladesh,2009,Mohammad Ashraful
Bangladesh,2009,Zunaed Siddique
Bangladesh,2009,Mohammad Mithun
Bangladesh,2009,Mushfiqur Rahim
Bangladesh,2009,Raqibul Hasan
Bangladesh,2009,Shamsur Rahman
Bangladesh,2009,Tamim Iqbal
Bangladesh,2009,Mahmudullah
Bangladesh,2009,Naeem Islam
Bangladesh,2009,Shakib Al Hasan
Bangladesh,2009,Abdur Razzak
Bangladesh,2009,Mashrafe Mortaza
Bangladesh,2009,Rubel Hossain
Bangladesh,2009,Shahadat Hossain
Bangladesh,2009,Syed Rasel
Bangladesh,2010,Mushfiqur Rahim
Bangladesh,2010,Aftab Ahmed
Bangladesh,2010,Imrul Kayes
Bangladesh,2010,Jahurul Islam
Bangladesh,2010,Mohammad Ashraful
Bangladesh,2010,Tamim Iqbal
Bangladesh,2010,Shakib Al Hasan
Bangladesh,2010,Mahmudullah
Bangladesh,2010,Naeem Islam
Bangladesh,2010,Abdur Razzak
Bangladesh,2010,Mashrafe Mortaza
Bangladesh,2010,Rubel Hossain
Bangladesh,2010,Shafiul Islam
Bangladesh,2010,Sohrawordi Shuvo
Bangladesh,2010,Syed Rasel
Bangladesh,2012,Mushfiqur Rahim
Bangladesh,2012,Jahurul Islam
Bangladesh,2012,Zunaed Siddique
Bangladesh,2012,Mohammad Ashraful
Bangladesh,2012,Tamim Iqbal
Bangladesh,2012,Mahmudullah
Bangladesh,2012,Farhad Reza
Bangladesh,2012,Nasir Hossain
Bangladesh,2012,Shakib Al Hasan
Bangladesh,2012,Ziaur Rahman
Bangladesh,2012,Abdur Razzak
Bangladesh,2012,Abul Hasan
Bangladesh,2012,Elias Sunny
Bangladesh,2012,Mashrafe Mortaza
Bangladesh,2012,Shafiul Islam
Bangladesh,2014,Mushfiqur Rahim
Bangladesh,2014,Anamul Haque
Bangladesh,2014,Mominul Haque
Bangladesh,2014,Sabbir Rahman
Bangladesh,2014,Shamsur Rahman
Bangladesh,2014,Tamim Iqbal
Bangladesh,2014,Farhad Reza
Bangladesh,2014,Mahmudullah
Bangladesh,2014,Nasir Hossain
Bangladesh,2014,Shakib Al Hasan
Bangladesh,2014,Ziaur Rahman
Bangladesh,2014,Abdur Razzak
Bangladesh,2014,Al-Amin Hossain
Bangladesh,2014,Sohag Gazi
Bangladesh,2014,Taskin Ahmed
Bangladesh,2016,Mohammad Mithun
Bangladesh,2016,Mushfiqur Rahim
Bangladesh,2016,Nurul Hasan
Bangladesh,2016,Sabbir Rahman
Bangladesh,2016,Tamim Iqbal
Bangladesh,2016,Shakib Al Hasan
Bangladesh,2016,Mahmudullah
Bangladesh,2016,Nasir Hossain
Bangladesh,2016,Shuvagata Hom
Bangladesh,2016,Soumya Sarkar
Bangladesh,2016,Mashrafe Mortaza
Bangladesh,2016,Abu Hider
Bangladesh,2016,Al-Amin Hossain
Bangladesh,2016,Mustafizur Rahman
Bangladesh,2016,Saqlain Sajib
Bangladesh,2021,Litton Das
Bangladesh,2021,Mohammad Naim
Bangladesh,2021,Mushfiqur Rahim
Bangladesh,2021,Nurul Hasan
Bangladesh,2021,Mahmudullah
Bangladesh,2021,Afif Hossain
Bangladesh,2021,Mahedi Hasan
Bangladesh,2021,Shakib Al Hasan
Bangladesh,2021,Shamim Hossain
Bangladesh,2021,Soumya Sarkar
Bangladesh,2021,Mustafizur Rahman
Bangladesh,2021,Nasum Ahmed
Bangladesh,2021,Rubel Hossain
Bangladesh,2021,Shoriful Islam
Bangladesh,2021,Taskin Ahmed
Bangladesh,2022,Litton Das
Bangladesh,2022,Mosaddek Hossain
Bangladesh,2022,Najmul Hossain Shanto
Bangladesh,2022,Nurul Hasan
Bangladesh,2022,Yasir Ali
Bangladesh,2022,Shakib Al Hasan
Bangladesh,2022,Afif Hossain
Bangladesh,2022,Mehidy Hasan Miraz
Bangladesh,2022,Soumya Sarkar
Bangladesh,2022,Ebadot Hossain
Bangladesh,2022,Hasan Mahmud
Bangladesh,2022,Mustafizur Rahman
Bangladesh,2022,Nasum Ahmed
Bangladesh,2022,Shoriful Islam
Bangladesh,2022,Taskin Ahmed
Bangladesh,2024,Najmul Hossain Shanto
Bangladesh,2024,Jaker Ali
Bangladesh,2024,Litton Das
Bangladesh,2024,Tanzid Hasan
Bangladesh,2024,Towhid Hridoy
Bangladesh,2024,Mahedi Hasan
Bangladesh,2024,Mahmudullah
Bangladesh,2024,Shakib Al Hasan
Bangladesh,2024,Soumya Sarkar
Bangladesh,2024,Taskin Ahmed
Bangladesh,2024,Mustafizur Rahman
Bangladesh,2024,Rishad Hossain
Bangladesh,2024,Shoriful Islam
Bangladesh,2024,Tanvir Islam
Bangladesh,2024,Tanzim Hasan Sakib
Canada,2024,Navneet Dhaliwal
Canada,2024,Aaron Johnson
Canada,2024,Shreyas Movva
Canada,2024,Ravinderpal Singh
Canada,2024,Saad Bin Zafar
Canada,2024,Dilpreet Bajwa
Canada,2024,Junaid Siddiqui
Canada,2024,Nicholas Kirton
Canada,2024,Pargat Singh
Canada,2024,Rayyan Pathan
Canada,2024,Nikhil Dutta
Canada,2024,Jeremy Gordon
Canada,2024,Dilon Heyliger
Canada,2024,Rishiv Joshi
Canada,2024,Kaleem Sana
England,2007,Kevin Pietersen
England,2007,Matt Prior
England,2007,Owais Shah
England,2007,Vikram Solanki
England,2007,Luke Wright
England,2007,Paul Collingwood
England,2007,Andrew Flintoff
England,2007,Darren Maddy
England,2007,Dimitri Mascarenhas
England,2007,Chris Schofield
England,2007,James Anderson
England,2007,Stuart Broad
England,2007,James Kirtley
England,2007,Jeremy Snape
England,2007,Chris Tremlett
England,2009,James Foster
England,2009,Rob Key
England,2009,Eoin Morgan
England,2009,Kevin Pietersen
England,2009,Owais Shah
England,2009,Luke Wright
England,2009,Paul Collingwood
England,2009,Ravi Bopara
England,2009,Dimitri Mascarenhas
England,2009,Graham Napier
England,2009,James Anderson
England,2009,Stuart Broad
England,2009,Adil Rashid
England,2009,Ryan Sidebottom
England,2009,Graeme Swann
England,2010,Craig Kieswetter
England,2010,Michael Lumb
England,2010,Eoin Morgan
England,2010,Kevin Pietersen
England,2010,Luke Wright
England,2010,Paul Collingwood
England,2010,Ravi Bopara
England,2010,Tim Bresnan
England,2010,James Tredwell
England,2010,Michael Yardy
England,2010,James Anderson
England,2010,Stuart Broad
England,2010,Ajmal Shahzad
England,2010,Ryan Sidebottom
England,2010,Graeme Swann
England,2012,Jonny Bairstow
England,2012,Jos Buttler
England,2012,Alex Hales
England,2012,Craig Kieswetter
England,2012,Michael Lumb
England,2012,Eoin Morgan
England,2012,Luke Wright
England,2012,Ravi Bopara
England,2012,Tim Bresnan
England,2012,Samit Patel
England,2012,Stuart Broad
England,2012,Danny Briggs
England,2012,Jade Dernbach
England,2012,Steven Finn
England,2012,Graeme Swann
England,2014,Eoin Morgan
England,2014,Ian Bell
England,2014,Jos Buttler
England,2014,Alex Hales
England,2014,Craig Kieswetter
England,2014,Michael Lumb
England,2014,Moeen Ali
England,2014,Ravi Bopara
England,2014,Tim Bresnan
England,2014,James Tredwell
England,2014,Chris Woakes
England,2014,Stuart Broad
England,2014,Jade Dernbach
England,2014,Chris Jordan
England,2014,Stephen Parry
England,2016,Eoin Morgan
England,2016,Sam Billings
England,2016,Jos Buttler
England,2016,Alex Hales
England,2016,Joe Root
England,2016,Jason Roy
England,2016,James Vince
England,2016,Moeen Ali
England,2016,Liam Dawson
England,2016,Ben Stokes
England,2016,David Willey
England,2016,Chris Jordan
England,2016,Liam Plunkett
England,2016,Adil Rashid
England,2016,Reece Topley
England,2021,Eoin Morgan
England,2021,Jonny Bairstow
England,2021,Sam Billings
England,2021,Jos Buttler
England,2021,Dawid Malan
England,2021,James Vince
England,2021,Moeen Ali
England,2021,Tom Curran
England,2021,Liam Livingstone
England,2021,David Willey
England,2021,Chris Woakes
England,2021,Chris Jordan
England,2021,Adil Rashid
England,2021,Reece Topley
England,2021,Mark Wood
England,2022,Jos Buttler
England,2022,Harry Brook
England,2022,Alex Hales
England,2022,Dawid Malan
England,2022,Phil Salt
England,2022,Moeen Ali
England,2022,Sam Curran
England,2022,Liam Livingstone
England,2022,Ben Stokes
England,2022,David Willey
England,2022,Chris Woakes
England,2022,Chris Jordan
England,2022,Tymal Mills
England,2022,Adil Rashid
England,2022,Mark Wood
England,2024,Jos Buttler
England,2024,Jonny Bairstow
England,2024,Harry Brook
England,2024,Ben Duckett
England,2024,Phil Salt
England,2024,Moeen Ali
England,2024,Sam Curran
England,2024,Will Jacks
England,2024,Liam Livingstone
England,2024,Jofra Archer
England,2024,Tom Hartley
England,2024,Chris Jordan
England,2024,Adil Rashid
England,2024,Reece Topley
England,2024,Mark Wood
Hong Kong,2014,Jamie Atkinson
Hong Kong,2014,Waqas Barkat
Hong Kong,2014,Babar Hayat
Hong Kong,2014,Kinchit Shah
Hong Kong,2014,Aizaz Khan
Hong Kong,2014,Mark Chapman
Hong Kong,2014,Irfan Ahmed
Hong Kong,2014,Roy Lamsam
Hong Kong,2014,Munir Dar
Hong Kong,2014,Najeeb Amar
Hong Kong,2014,Nizakat Khan
Hong Kong,2014,Tanwir Afzal
Hong Kong,2014,Ehsan Nawaz
Hong Kong,2014,Haseeb Amjad
Hong Kong,2014,Nadeem Ahmed
Hong Kong,2016,Waqas Khan
Hong Kong,2016,Anshy Rath
Hong Kong,2016,Jamie Atkinson
Hong Kong,2016,Babar Hayat
Hong Kong,2016,Ryan Campbell
Hong Kong,2016,Christopher Carter
Hong Kong,2016,Kinchit Shah
Hong Kong,2016,Waqas Barkat
Hong Kong,2016,Tanwir Afzal
Hong Kong,2016,Aizaz Khan
Hong Kong,2016,Mark Chapman
Hong Kong,2016,Nizakat Khan
Hong Kong,2016,Haseeb Amjad
Hong Kong,2016,Adil Mehmood
Hong Kong,2016,Nadeem Ahmed
India,2007,MS Dhoni
India,2007,Yuvraj Singh
India,2007,Gautam Gambhir
India,2007,Dinesh Karthik
India,2007,Virender Sehwag
India,2007,Rohit Sharma
India,2007,Robin Uthappa
India,2007,Piyush Chawla
India,2007,Joginder Sharma
India,2007,Yusuf Pathan
India,2007,Irfan Pathan
India,2007,Ajit Agarkar
India,2007,Harbhajan Singh
India,2007,RP Singh
India,2007,Sreesanth
India,2009,MS Dhoni
India,2009,Yuvraj Singh
India,2009,Gautam Gambhir
India,2009,Dinesh Karthik
India,2009,Suresh Raina
India,2009,Rohit Sharma
India,2009,Ravindra Jadeja
India,2009,Yusuf Pathan
India,2009,Irfan Pathan
India,2009,Harbhajan Singh
India,2009,Zaheer Khan
India,2009,Praveen Kumar
India,2009,Pragyan Ojha
India,2009,Ishant Sharma
India,2009,RP Singh
India,2010,MS Dhoni
India,2010,Gautam Gambhir
India,2010,Dinesh Karthik
India,2010,Suresh Raina
India,2010,Rohit Sharma
India,2010,Murali Vijay
India,2010,Yuvraj Singh
India,2010,Piyush Chawla
India,2010,Ravindra Jadeja
India,2010,Yusuf Pathan
India,2010,Harbhajan Singh
India,2010,Zaheer Khan
India,2010,Ashish Nehra
India,2010,Vinay Kumar
India,2010,Umesh Yadav
India,2012,MS Dhoni
India,2012,Gautam Gambhir
India,2012,Virat Kohli
India,2012,Suresh Raina
India,2012,Virender Sehwag
India,2012,Rohit Sharma
India,2012,Manoj Tiwary
India,2012,Yuvraj Singh
India,2012,Ravichandran Ashwin
India,2012,Piyush Chawla
India,2012,Irfan Pathan
India,2012,Lakshmipathy Balaji
India,2012,Ashok Dinda
India,2012,Harbhajan Singh
India,2012,Zaheer Khan
India,2014,MS Dhoni
India,2014,Shikhar Dhawan
India,2014,Virat Kohli
India,2014,Ajinkya Rahane
India,2014,Suresh Raina
India,2014,Rohit Sharma
India,2014,Yuvraj Singh
India,2014,Ravichandran Ashwin
India,2014,Stuart Binny
India,2014,Ravindra Jadeja
India,2014,Varun Aaron
India,2014,Bhuvneshwar Kumar
India,2014,Amit Mishra
India,2014,Mohammed Shami
India,2014,Mohit Sharma
India,2016,MS Dhoni
India,2016,Shikhar Dhawan
India,2016,Virat Kohli
India,2016,Manish Pandey
India,2016,Ajinkya Rahane
India,2016,Suresh Raina
India,2016,Rohit Sharma
India,2016,Ravichandran Ashwin
India,2016,Ravindra Jadeja
India,2016,Hardik Pandya
India,2016,Jasprit Bumrah
India,2016,Harbhajan Singh
India,2016,Mohammed Shami
India,2016,Pawan Negi
India,2016,Ashish Nehra
India,2021,Virat Kohli
India,2021,Ishan Kishan
India,2021,Rishabh Pant
India,2021,KL Rahul
India,2021,Rohit Sharma
India,2021,Suryakumar Yadav
India,2021,Ravichandran Ashwin
India,2021,Ravindra Jadeja
India,2021,Hardik Pandya
India,2021,Jasprit Bumrah
India,2021,Rahul Chahar
India,2021,Bhuvneshwar Kumar
India,2021,Mohammed Shami
India,2021,Shardul Thakur
India,2021,Varun Chakravarthy
India,2022,Rohit Sharma
India,2022,KL Rahul
India,2022,Dinesh Karthik
India,2022,Virat Kohli
India,2022,Rishabh Pant
India,2022,Suryakumar Yadav
India,2022,Ravichandran Ashwin
India,2022,Deepak Hooda
India,2022,Hardik Pandya
India,2022,Axar Patel
India,2022,Arshdeep Singh
India,2022,Yuzvendra Chahal
India,2022,Bhuvneshwar Kumar
India,2022,Mohammed Shami
India,2022,Harshal Patel
India,2024,Rohit Sharma
India,2024,Yashasvi Jaiswal
India,2024,Virat Kohli
India,2024,Rishabh Pant
India,2024,Sanju Samson
India,2024,Suryakumar Yadav
India,2024,Hardik Pandya
India,2024,Shivam Dube
India,2024,Ravindra Jadeja
India,2024,Axar Patel
India,2024,Arshdeep Singh
India,2024,Jasprit Bumrah
India,2024,Yuzvendra Chahal
India,2024,Kuldeep Yadav
India,2024,Mohammed Siraj
Kenya,2007,Tanmay Mishra
Kenya,2007,Alex Obanda
Kenya,2007,David Obuya
Kenya,2007,Morris Ouma
Kenya,2007,Steve Tikolo
Kenya,2007,Collins Obuya
Kenya,2007,Thomas Odoyo
Kenya,2007,Tony Suji
Kenya,2007,Rajesh Bhudia
Kenya,2007,Jimmy Kamande
Kenya,2007,Nehemiah Odhiambo
Kenya,2007,Peter Ongondo
Kenya,2007,Lameck Onyango
Kenya,2007,Elijah Otieno
Kenya,2007,Hiren Varaiya
Ireland,2009,William Porterfield
Ireland,2009,Niall O'Brien
Ireland,2009,Gary Wilson
Ireland,2009,Andre Botha
Ireland,2009,Kyle McCallan
Ireland,2009,John Mooney
Ireland,2009,Kevin O'Brien
Ireland,2009,Paul Stirling
Ireland,2009,Andrew White
Ireland,2009,Peter Connell
Ireland,2009,Alex Cusack
Ireland,2009,Trent Johnston
Ireland,2009,Boyd Rankin
Ireland,2009,Regan West
Ireland,2009,Jeremy Bray
Ireland,2010,William Porterfield
Ireland,2010,Niall O'Brien
Ireland,2010,Gary Wilson
Ireland,2010,Andre Botha
Ireland,2010,George Dockrell
Ireland,2010,Nigel Jones
Ireland,2010,John Mooney
Ireland,2010,Kevin O'Brien
Ireland,2010,Paul Stirling
Ireland,2010,Andrew White
Ireland,2010,Peter Connell
Ireland,2010,Alex Cusack
Ireland,2010,Trent Johnston
Ireland,2010,Gary Kidd
Ireland,2010,Boyd Rankin
Ireland,2012,William Porterfield
Ireland,2012,Ed Joyce
Ireland,2012,Niall O'Brien
Ireland,2012,Gary Wilson
Ireland,2012,George Dockrell
Ireland,2012,Nigel Jones
Ireland,2012,Kevin O'Brien
Ireland,2012,Paul Stirling
Ireland,2012,Andrew White
Ireland,2012,Alex Cusack
Ireland,2012,Trent Johnston
Ireland,2012,Tim Murtagh
Ireland,2012,Boyd Rankin
Ireland,2012,Max Sorensen
Ireland,2012,Stuart Thompson
Ireland,2014,William Porterfield
Ireland,2014,Ed Joyce
Ireland,2014,Niall O'Brien
Ireland,2014,Andrew Poynter
Ireland,2014,James Shannon
Ireland,2014,Gary Wilson
Ireland,2014,George Dockrell
Ireland,2014,Andy McBrine
Ireland,2014,Kevin O'Brien
Ireland,2014,Paul Stirling
Ireland,2014,Alex Cusack
Ireland,2014,Tim Murtagh
Ireland,2014,Max Sorensen
Ireland,2014,Stuart Thompson
Ireland,2014,Craig Young
Ireland,2016,William Porterfield
Ireland,2016,Andy Balbirnie
Ireland,2016,Niall O'Brien
Ireland,2016,Stuart Poynter
Ireland,2016,Andrew Poynter
Ireland,2016,Gary Wilson
Ireland,2016,George Dockrell
Ireland,2016,Andy McBrine
Ireland,2016,Kevin O'Brien
Ireland,2016,Paul Stirling
Ireland,2016,Tim Murtagh
Ireland,2016,Boyd Rankin
Ireland,2016,Max Sorensen
Ireland,2016,Stuart Thompson
Ireland,2016,Craig Young
Ireland,2021,Andy Balbirnie
Ireland,2021,Neil Rock
Ireland,2021,Harry Tector
Ireland,2021,Lorcan Tucker
Ireland,2021,Mark Adair
Ireland,2021,Curtis Campher
Ireland,2021,Gareth Delany
Ireland,2021,George Dockrell
Ireland,2021,Andy McBrine
Ireland,2021,Kevin O'Brien
Ireland,2021,Simi Singh
Ireland,2021,Paul Stirling
Ireland,2021,Josh Little
Ireland,2021,Ben White
Ireland,2021,Craig Young
Ireland,2022,Andy Balbirnie
Ireland,2022,Stephen Doheny
Ireland,2022,Harry Tector
Ireland,2022,Lorcan Tucker
Ireland,2022,Paul Stirling
Ireland,2022,Mark Adair
Ireland,2022,Curtis Campher
Ireland,2022,Gareth Delany
Ireland,2022,George Dockrell
Ireland,2022,Fionn Hand
Ireland,2022,Simi Singh
Ireland,2022,Graham Hume
Ireland,2022,Josh Little
Ireland,2022,Barry McCarthy
Ireland,2022,Conor Olphert
Ireland,2024,Ross Adair
Ireland,2024,Andy Balbirnie
Ireland,2024,Neil Rock
Ireland,2024,Harry Tector
Ireland,2024,Lorcan Tucker
Ireland,2024,Paul Stirling
Ireland,2024,Mark Adair
Ireland,2024,Curtis Campher
Ireland,2024,Gareth Delany
Ireland,2024,George Dockrell
Ireland,2024,Graham Hume
Ireland,2024,Josh Little
Ireland,2024,Barry McCarthy
Ireland,2024,Ben White
Ireland,2024,Craig Young
Namibia,2021,Stephan Baard
Namibia,2021,Karl Birkenstock
Namibia,2021,Michau du Preez
Namibia,2021,Zane Green
Namibia,2021,Craig Williams
Namibia,2021,Pikky Ya France
Namibia,2021,Gerhard Erasmus
Namibia,2021,JJ Smit
Namibia,2021,Jan Frylinck
Namibia,2021,Jan Nicol Loftie-Eaton
Namibia,2021,Michael van Lingen
Namibia,2021,David Wiese
Namibia,2021,Bernard Scholtz
Namibia,2021,Ben Shikongo
Namibia,2021,Ruben Trumpelmann
Namibia,2022,Stephan Baard
Namibia,2022,Karl Birkenstock
Namibia,2022,Zane Green
Namibia,2022,Divan la Cock
Namibia,2022,Lo-handre Louwrens
Namibia,2022,Pikky Ya France
Namibia,2022,Gerhard Erasmus
Namibia,2022,Jan Frylinck
Namibia,2022,Jan Nicol Loftie-Eaton
Namibia,2022,JJ Smit
Namibia,2022,Michael van Lingen
Namibia,2022,David Wiese
Namibia,2022,Tangeni Lungameni
Namibia,2022,Bernard Scholtz
Namibia,2022,Ben Shikongo
Namibia,2022,Ruben Trumpelmann
Namibia,2024,Nikolaas Davin
Namibia,2024,Zane Green
Namibia,2024,JP Kotze
Namibia,2024,Malan Kruger
Namibia,2024,Dylan Leicher
Namibia,2024,Gerhard Erasmus
Namibia,2024,JJ Smit
Namibia,2024,Jan Frylinck
Namibia,2024,Michael van Lingen
Namibia,2024,David Wiese
Namibia,2024,Peter-Daniel Blignaut
Namibia,2024,Jack Brassell
Namibia,2024,Tangeni Lungameni
Namibia,2024,Bernard Scholtz
Namibia,2024,Ben Shikongo
Namibia,2024,Ruben Trumpelmann
Nepal,2014,Pradeep Airee
Nepal,2014,Binod Bhandari
Nepal,2014,Naresh Budayair
Nepal,2014,Subash Khakurel
Nepal,2014,Gyanendra Malla
Nepal,2014,Anil Mandal
Nepal,2014,Sagar Pun
Nepal,2014,Sharad Vesawkar
Nepal,2014,Paras Khadka
Nepal,2014,Sompal Kami
Nepal,2014,Amrit Bhattarai
Nepal,2014,Shakti Gauchan
Nepal,2014,Jitendra Mukhiya
Nepal,2014,Basant Regmi
Nepal,2014,Rahul Vishwakarma
Nepal,2024,Aasif Sheikh
Nepal,2024,Dipendra Singh Airee
Nepal,2024,Kushal Bhurtel
Nepal,2024,Sundeep Jora
Nepal,2024,Anil Sah
Nepal,2024,Rohit Paudel
Nepal,2024,Gulsan Jha
Nepal,2024,Karan KC
Nepal,2024,Kushal Malla
Nepal,2024,Sompal Kami
Nepal,2024,Kamal Airee
Nepal,2024,Abinash Bohara
Nepal,2024,Sagar Dhakal
Nepal,2024,Sandeep Lamichhane
Nepal,2024,Lalit Rajbanshi
Netherlands,2009,Jeroen Smits
Netherlands,2009,Tom de Grooth
Netherlands,2009,Tim Gruijters
Netherlands,2009,Alexei Kervezee
Netherlands,2009,Darron Reekers
Netherlands,2009,Eric Szwarczynski
Netherlands,2009,Bas Zuiderent
Netherlands,2009,Peter Borren
Netherlands,2009,Mudassar Bukhari
Netherlands,2009,Pieter Seelaar
Netherlands,2009,Ryan ten Doeschate
Netherlands,2009,Daan van Bunge
Netherlands,2009,Maurits Jonkman
Netherlands,2009,Dirk Nannes
Netherlands,2009,Edgar Schiferli
Netherlands,2014,Wesley Barresi
Netherlands,2014,Tom Cooper
Netherlands,2014,Ben Cooper
Netherlands,2014,Tom Heggelman
Netherlands,2014,Stephan Myburgh
Netherlands,2014,Michael Swart
Netherlands,2014,Eric Szwarczynski
Netherlands,2014,Peter Borren
Netherlands,2014,Mudassar Bukhari
Netherlands,2014,Michael Rippon
Netherlands,2014,Pieter Seelaar
Netherlands,2014,Ahsan Malik
Netherlands,2014,Vivian Kingma
Netherlands,2014,Logan van Beek
Netherlands,2014,Timm van der Gugten
Netherlands,2016,Wesley Barresi
Netherlands,2016,Tom Cooper
Netherlands,2016,Ben Cooper
Netherlands,2016,Stephan Myburgh
Netherlands,2016,Max O'Dowd
Netherlands,2016,Peter Borren
Netherlands,2016,Mudassar Bukhari
Netherlands,2016,Michael Rippon
Netherlands,2016,Pieter Seelaar
Netherlands,2016,Roelof van der Merwe
Netherlands,2016,Ahsan Malik
Netherlands,2016,Vivian Kingma
Netherlands,2016,Logan van Beek
Netherlands,2016,Timm van der Gugten
Netherlands,2016,Paul van Meekeren
Netherlands,2021,Ben Cooper
Netherlands,2021,Scott Edwards
Netherlands,2021,Stephan Myburgh
Netherlands,2021,Max O'Dowd
Netherlands,2021,Pieter Seelaar
Netherlands,2021,Colin Ackermann
Netherlands,2021,Bas de Leede
Netherlands,2021,Ryan ten Doeschate
Netherlands,2021,Roelof van der Merwe
Netherlands,2021,Philippe Boissevain
Netherlands,2021,Brandon Glover
Netherlands,2021,Fred Klaassen
Netherlands,2021,Logan van Beek
Netherlands,2021,Timm van der Gugten
Netherlands,2021,Paul van Meekeren
Netherlands,2022,Scott Edwards
Netherlands,2022,Tom Cooper
Netherlands,2022,Stephan Myburgh
Netherlands,2022,Max O'Dowd
Netherlands,2022,Vikramjit Singh
Netherlands,2022,Colin Ackermann
Netherlands,2022,Bas de Leede
Netherlands,2022,Teja Nidamanuru
Netherlands,2022,Tim Pringle
Netherlands,2022,Roelof van der Merwe
Netherlands,2022,Brandon Glover
Netherlands,2022,Fred Klaassen
Netherlands,2022,Shariz Ahmad
Netherlands,2022,Logan van Beek
Netherlands,2022,Timm van der Gugten
Netherlands,2022,Paul van Meekeren
Netherlands,2024,Scott Edwards
Netherlands,2024,Wesley Barresi
Netherlands,2024,Michael Levitt
Netherlands,2024,Max O'Dowd
Netherlands,2024,Vikramjit Singh
Netherlands,2024,Bas de Leede
Netherlands,2024,Sybrand Engelbrecht
Netherlands,2024,Teja Nidamanuru
Netherlands,2024,Tim Pringle
Netherlands,2024,Saqib Zulfiqar
Netherlands,2024,Aryan Dutt
Netherlands,2024,Vivian Kingma
Netherlands,2024,Kyle Klein
Netherlands,2024,Logan van Beek
Netherlands,2024,Paul van Meekeren
New Zealand,2007,Peter Fulton
New Zealand,2007,Gareth Hopkins
New Zealand,2007,Brendon McCullum
New Zealand,2007,Craig McMillan
New Zealand,2007,Ross Taylor
New Zealand,2007,Lou Vincent
New Zealand,2007,Daniel Vettori
New Zealand,2007,Jacob Oram
New Zealand,2007,Scott Styris
New Zealand,2007,Shane Bond
New Zealand,2007,Mark Gillespie
New Zealand,2007,Chris Martin
New Zealand,2007,Nathan McCullum
New Zealand,2007,Jeetan Patel
New Zealand,2007,Bradley Scott
New Zealand,2009,Neil Broom
New Zealand,2009,Brendon Diamanti
New Zealand,2009,Martin Guptill
New Zealand,2009,Brendon McCullum
New Zealand,2009,Peter McGlashan
New Zealand,2009,Aaron Redmond
New Zealand,2009,Ross Taylor
New Zealand,2009,Daniel Vettori
New Zealand,2009,James Franklin
New Zealand,2009,Jacob Oram
New Zealand,2009,Scott Styris
New Zealand,2009,Ian Butler
New Zealand,2009,Nathan McCullum
New Zealand,2009,Kyle Mills
New Zealand,2009,Iain O'Brien
New Zealand,2010,Martin Guptill
New Zealand,2010,Gareth Hopkins
New Zealand,2010,Brendon McCullum
New Zealand,2010,Rob Nicol
New Zealand,2010,Aaron Redmond
New Zealand,2010,Ross Taylor
New Zealand,2010,Daniel Vettori
New Zealand,2010,Jacob Oram
New Zealand,2010,Jesse Ryder
New Zealand,2010,Scott Styris
New Zealand,2010,Shane Bond
New Zealand,2010,Ian Butler
New Zealand,2010,Nathan McCullum
New Zealand,2010,Kyle Mills
New Zealand,2010,Tim Southee
New Zealand,2012,Ross Taylor
New Zealand,2012,Martin Guptill
New Zealand,2012,Brendon McCullum
New Zealand,2012,Rob Nicol
New Zealand,2012,BJ Watling
New Zealand,2012,Kane Williamson
New Zealand,2012,James Franklin
New Zealand,2012,Jacob Oram
New Zealand,2012,Daniel Vettori
New Zealand,2012,Doug Bracewell
New Zealand,2012,Ronnie Hira
New Zealand,2012,Nathan McCullum
New Zealand,2012,Kyle Mills
New Zealand,2012,Adam Milne
New Zealand,2012,Tim Southee
New Zealand,2014,Brendon McCullum
New Zealand,2014,Anton Devcich
New Zealand,2014,Martin Guptill
New Zealand,2014,Colin Munro
New Zealand,2014,Luke Ronchi
New Zealand,2014,Ross Taylor
New Zealand,2014,Kane Williamson
New Zealand,2014,Corey Anderson
New Zealand,2014,James Neesham
New Zealand,2014,Trent Boult
New Zealand,2014,Ronnie Hira
New Zealand,2014,Mitchell McClenaghan
New Zealand,2014,Nathan McCullum
New Zealand,2014,Kyle Mills
New Zealand,2014,Tim Southee
New Zealand,2016,Kane Williamson
New Zealand,2016,Martin Guptill
New Zealand,2016,Colin Munro
New Zealand,2016,Henry Nicholls
New Zealand,2016,Luke Ronchi
New Zealand,2016,Ross Taylor
New Zealand,2016,Corey Anderson
New Zealand,2016,Grant Elliott
New Zealand,2016,Mitchell Santner
New Zealand,2016,Trent Boult
New Zealand,2016,Mitchell McClenaghan
New Zealand,2016,Nathan McCullum
New Zealand,2016,Adam Milne
New Zealand,2016,Ish Sodhi
New Zealand,2016,Tim Southee
New Zealand,2021,Kane Williamson
New Zealand,2021,Devon Conway
New Zealand,2021,Martin Guptill
New Zealand,2021,Tim Seifert
New Zealand,2021,Mark Chapman
New Zealand,2021,Daryl Mitchell
New Zealand,2021,James Neesham
New Zealand,2021,Glenn Phillips
New Zealand,2021,Mitchell Santner
New Zealand,2021,Todd Astle
New Zealand,2021,Trent Boult
New Zealand,2021,Kyle Jamieson
New Zealand,2021,Adam Milne
New Zealand,2021,Ish Sodhi
New Zealand,2021,Tim Southee
New Zealand,2022,Kane Williamson
New Zealand,2022,Finn Allen
New Zealand,2022,Devon Conway
New Zealand,2022,Martin Guptill
New Zealand,2022,Michael Bracewell
New Zealand,2022,Mark Chapman
New Zealand,2022,Daryl Mitchell
New Zealand,2022,James Neesham
New Zealand,2022,Glenn Phillips
New Zealand,2022,Mitchell Santner
New Zealand,2022,Trent Boult
New Zealand,2022,Lockie Ferguson
New Zealand,2022,Adam Milne
New Zealand,2022,Ish Sodhi
New Zealand,2022,Tim Southee
New Zealand,2024,Kane Williamson
New Zealand,2024,Finn Allen
New Zealand,2024,Devon Conway
New Zealand,2024,Michael Bracewell
New Zealand,2024,Mark Chapman
New Zealand,2024,Daryl Mitchell
New Zealand,2024,James Neesham
New Zealand,2024,Glenn Phillips
New Zealand,2024,Rachin Ravindra
New Zealand,2024,Mitchell Santner
New Zealand,2024,Trent Boult
New Zealand,2024,Lockie Ferguson
New Zealand,2024,Matt Henry
New Zealand,2024,Ish Sodhi
New Zealand,2024,Tim Southee
Oman,2016,Sultan Ahmed
Oman,2016,Aamir Kaleem
Oman,2016,Amir Ali
Oman,2016,Jatinder Singh
Oman,2016,Khawar Ali
Oman,2016,Mehran Khan
Oman,2016,Vaibhav Wategaonkar
Oman,2016,Zeeshan Maqsood
Oman,2016,Zeeshan Siddiqui
Oman,2016,Ajay Lalcheta
Oman,2016,Munis Ansari
Oman,2016,Bilal Khan
Oman,2016,Rajeshkumar Ranpura
Oman,2016,Sufyan Mehmood
Oman,2016,Adnan Ilyas
Oman,2021,Zeeshan Maqsood
Oman,2021,Aqib Ilyas
Oman,2021,Jatinder Singh
Oman,2021,Khawar Ali
Oman,2021,Naseem Khushi
Oman,2021,Kashyap Prajapati
Oman,2021,Suraj Kumar
Oman,2021,Ayaan Khan
Oman,2021,Mohammad Nadeem
Oman,2021,Sandeep Goud
Oman,2021,Bilal Khan
Oman,2021,Nestor Dhamba
Oman,2021,Fayyaz Butt
Oman,2021,Kaleemullah
Oman,2021,Sufyan Mehmood
Oman,2024,Aqib Ilyas
Oman,2024,Pratik Athavale
Oman,2024,Khalid Kail
Oman,2024,Mehran Khan
Oman,2024,Naseem Khushi
Oman,2024,Kashyap Prajapati
Oman,2024,Shoaib Khan
Oman,2024,Zeeshan Maqsood
Oman,2024,Ayaan Khan
Oman,2024,Mohammad Nadeem
Oman,2024,Bilal Khan
Oman,2024,Fayyaz Butt
Oman,2024,Kaleemullah
Oman,2024,Rafiullah
Oman,2024,Shakeel Ahmed
Pakistan,2007,Fawad Alam
Pakistan,2007,Imran Nazir
Pakistan,2007,Kamran Akmal
Pakistan,2007,Misbah-ul-Haq
Pakistan,2007,Salman Butt
Pakistan,2007,Younis Khan
Pakistan,2007,Shoaib Malik
Pakistan,2007,Mohammad Hafeez
Pakistan,2007,Shahid Afridi
Pakistan,2007,Yasir Arafat
Pakistan,2007,Abdur Rehman
Pakistan,2007,Iftikhar Anjum
Pakistan,2007,Mohammad Asif
Pakistan,2007,Sohail Tanvir
Pakistan,2007,Umar Gul
Pakistan,2009,Younis Khan
Pakistan,2009,Ahmed Shehzad
Pakistan,2009,Fawad Alam
Pakistan,2009,Kamran Akmal
Pakistan,2009,Misbah-ul-Haq
Pakistan,2009,Salman Butt
Pakistan,2009,Shahzaib Hasan
Pakistan,2009,Abdul Razzaq
Pakistan,2009,Shahid Afridi
Pakistan,2009,Shoaib Malik
Pakistan,2009,Iftikhar Anjum
Pakistan,2009,Mohammad Amir
Pakistan,2009,Saeed Ajmal
Pakistan,2009,Sohail Tanvir
Pakistan,2009,Umar Gul
Pakistan,2010,Fawad Alam
Pakistan,2010,Hammad Azam
Pakistan,2010,Kamran Akmal
Pakistan,2010,Khalid Latif
Pakistan,2010,Misbah-ul-Haq
Pakistan,2010,Salman Butt
Pakistan,2010,Umar Akmal
Pakistan,2010,Shahid Afridi
Pakistan,2010,Abdul Razzaq
Pakistan,2010,Mohammad Hafeez
Pakistan,2010,Abdur Rehman
Pakistan,2010,Mohammad Amir
Pakistan,2010,Mohammad Asif
Pakistan,2010,Mohammad Sami
Pakistan,2010,Saeed Ajmal
Pakistan,2012,Asad Shafiq
Pakistan,2012,Imran Nazir
Pakistan,2012,Kamran Akmal
Pakistan,2012,Nasir Jamshed
Pakistan,2012,Umar Akmal
Pakistan,2012,Mohammad Hafeez
Pakistan,2012,Abdul Razzaq
Pakistan,2012,Shahid Afridi
Pakistan,2012,Shoaib Malik
Pakistan,2012,Yasir Arafat
Pakistan,2012,Mohammad Sami
Pakistan,2012,Raza Hasan
Pakistan,2012,Saeed Ajmal
Pakistan,2012,Sohail Tanvir
Pakistan,2012,Umar Gul
Pakistan,2014,Ahmed Shehzad
Pakistan,2014,Kamran Akmal
Pakistan,2014,Sharjeel Khan
Pakistan,2014,Sohaib Maqsood
Pakistan,2014,Umar Akmal
Pakistan,2014,Mohammad Hafeez
Pakistan,2014,Shahid Afridi
Pakistan,2014,Shoaib Malik
Pakistan,2014,Bilawal Bhatti
Pakistan,2014,Junaid Khan
Pakistan,2014,Mohammad Talha
Pakistan,2014,Saeed Ajmal
Pakistan,2014,Sohail Tanvir
Pakistan,2014,Umar Gul
Pakistan,2014,Zulfiqar Babar
Pakistan,2016,Ahmed Shehzad
Pakistan,2016,Khalid Latif
Pakistan,2016,Sarfaraz Ahmed
Pakistan,2016,Sharjeel Khan
Pakistan,2016,Umar Akmal
Pakistan,2016,Shahid Afridi
Pakistan,2016,Imad Wasim
Pakistan,2016,Mohammad Hafeez
Pakistan,2016,Mohammad Nawaz
Pakistan,2016,Shoaib Malik
Pakistan,2016,Anwar Ali
Pakistan,2016,Mohammad Amir
Pakistan,2016,Mohammad Irfan
Pakistan,2016,Mohammad Sami
Pakistan,2016,Wahab Riaz
Pakistan,2021,Babar Azam
Pakistan,2021,Asif Ali
Pakistan,2021,Fakhar Zaman
Pakistan,2021,Haider Ali
Pakistan,2021,Mohammad Rizwan
Pakistan,2021,Sarfaraz Ahmed
Pakistan,2021,Shadab Khan
Pakistan,2021,Imad Wasim
Pakistan,2021,Mohammad Hafeez
Pakistan,2021,Mohammad Nawaz
Pakistan,2021,Mohammad Wasim
Pakistan,2021,Shoaib Malik
Pakistan,2021,Haris Rauf
Pakistan,2021,Hasan Ali
Pakistan,2021,Shaheen Shah Afridi
Pakistan,2022,Babar Azam
Pakistan,2022,Asif Ali
Pakistan,2022,Haider Ali
Pakistan,2022,Iftikhar Ahmed
Pakistan,2022,Khushdil Shah
Pakistan,2022,Mohammad Haris
Pakistan,2022,Mohammad Rizwan
Pakistan,2022,Shan Masood
Pakistan,2022,Mohammad Nawaz
Pakistan,2022,Mohammad Wasim
Pakistan,2022,Shadab Khan
Pakistan,2022,Haris Rauf
Pakistan,2022,Mohammad Hasnain
Pakistan,2022,Naseem Shah
Pakistan,2022,Shaheen Shah Afridi
Pakistan,2024,Babar Azam
Pakistan,2024,Azam Khan
Pakistan,2024,Fakhar Zaman
Pakistan,2024,Iftikhar Ahmed
Pakistan,2024,Mohammad Rizwan
Pakistan,2024,Saim Ayub
Pakistan,2024,Usman Khan
Pakistan,2024,Imad Wasim
Pakistan,2024,Shadab Khan
Pakistan,2024,Abbas Afridi
Pakistan,2024,Abrar Ahmed
Pakistan,2024,Haris Rauf
Pakistan,2024,Mohammad Amir
Pakistan,2024,Naseem Shah
Pakistan,2024,Shaheen Shah Afridi
Papua New Guinea,2021,Assad Vala
Papua New Guinea,2021,Simon Atai
Papua New Guinea,2021,Sese Bau
Papua New Guinea,2021,Kiplin Doriga
Papua New Guinea,2021,Hiri Hiri
Papua New Guinea,2021,Lega Siaka
Papua New Guinea,2021,Tony Ura
Papua New Guinea,2021,Charles Amini
Papua New Guinea,2021,Jason Kila
Papua New Guinea,2021,Gaudi Toka
Papua New Guinea,2021,Kabua Morea
Papua New Guinea,2021,Nosaina Pokana
Papua New Guinea,2021,Damien Ravu
Papua New Guinea,2021,Chad Soper
Papua New Guinea,2021,Norman Vanua
Papua New Guinea,2024,Assad Vala
Papua New Guinea,2024,Sese Bau
Papua New Guinea,2024,Kiplin Doriga
Papua New Guinea,2024,Hiri Hiri
Papua New Guinea,2024,Lega Siaka
Papua New Guinea,2024,Tony Ura
Papua New Guinea,2024,Hila Vare
Papua New Guinea,2024,Charles Amini
Papua New Guinea,2024,Jack Gardner
Papua New Guinea,2024,Semo Kamea
Papua New Guinea,2024,John Kariko
Papua New Guinea,2024,Kabua Morea
Papua New Guinea,2024,Alei Nao
Papua New Guinea,2024,Chad Soper
Papua New Guinea,2024,Norman Vanua
Scotland,2007,Ryan Watson
Scotland,2007,Gavin Hamilton
Scotland,2007,Gregor Maiden
Scotland,2007,Neil McCallum
Scotland,2007,Navdeep Poonia
Scotland,2007,Qasim Sheikh
Scotland,2007,Colin Smith
Scotland,2007,Fraser Watts
Scotland,2007,John Blain
Scotland,2007,Dougie Brown
Scotland,2007,Gordon Drummond
Scotland,2007,Majid Haq
Scotland,2007,Dewald Nel
Scotland,2007,Craig Wright
Scotland,2007,Ross Lyons
Scotland,2009,Gavin Hamilton
Scotland,2009,Richie Berrington
Scotland,2009,Kyle Coetzer
Scotland,2009,Calum MacLeod
Scotland,2009,Neil McCallum
Scotland,2009,Navdeep Poonia
Scotland,2009,Colin Smith
Scotland,2009,Ryan Watson
Scotland,2009,Fraser Watts
Scotland,2009,Gordon Drummond
Scotland,2009,Majid Haq
Scotland,2009,Dewald Nel
Scotland,2009,Glenn Rogers
Scotland,2009,Jan Stander
Scotland,2009,Craig Wright
Scotland,2016,Preston Mommsen
Scotland,2016,Kyle Coetzer
Scotland,2016,Richie Berrington
Scotland,2016,Matthew Cross
Scotland,2016,Matt Machan
Scotland,2016,Calum MacLeod
Scotland,2016,George Munsey
Scotland,2016,Con de Lange
Scotland,2016,Michael Leask
Scotland,2016,Rob Taylor
Scotland,2016,Josh Davey
Scotland,2016,Alasdair Evans
Scotland,2016,Gavin Main
Scotland,2016,Safyaan Sharif
Scotland,2016,Mark Watt
Scotland,2021,Kyle Coetzer
Scotland,2021,Richie Berrington
Scotland,2021,Matthew Cross
Scotland,2021,Michael Jones
Scotland,2021,Calum MacLeod
Scotland,2021,George Munsey
Scotland,2021,Craig Wallace
Scotland,2021,Dylan Budge
Scotland,2021,Michael Leask
Scotland,2021,Alasdair Evans
Scotland,2021,Chris Greaves
Scotland,2021,Hamza Tahir
Scotland,2021,Safyaan Sharif
Scotland,2021,Mark Watt
Scotland,2021,Brad Wheal
Scotland,2022,Richie Berrington
Scotland,2022,Matthew Cross
Scotland,2022,Michael Jones
Scotland,2022,Calum MacLeod
Scotland,2022,George Munsey
Scotland,2022,Craig Wallace
Scotland,2022,Michael Leask
Scotland,2022,Brandon McMullen
Scotland,2022,Josh Davey
Scotland,2022,Chris Greaves
Scotland,2022,Hamza Tahir
Scotland,2022,Safyaan Sharif
Scotland,2022,Chris Sole
Scotland,2022,Mark Watt
Scotland,2022,Brad Wheal
Scotland,2024,Richie Berrington
Scotland,2024,Matthew Cross
Scotland,2024,Ollie Hairs
Scotland,2024,Michael Jones
Scotland,2024,George Munsey
Scotland,2024,Charlie Tear
Scotland,2024,Michael Leask
Scotland,2024,Brandon McMullen
Scotland,2024,Brad Currie
Scotland,2024,Chris Greaves
Scotland,2024,Jack Jarvis
Scotland,2024,Safyaan Sharif
Scotland,2024,Chris Sole
Scotland,2024,Mark Watt
Scotland,2024,Brad Wheal
South Africa,2007,Graeme Smith
South Africa,2007,Gulam Bodi
South Africa,2007,Mark Boucher
South Africa,2007,AB de Villiers
South Africa,2007,Herschelle Gibbs
South Africa,2007,Jean-Paul Duminy
South Africa,2007,Justin Kemp
South Africa,2007,Albie Morkel
South Africa,2007,Vernon Philander
South Africa,2007,Shaun Pollock
South Africa,2007,Johan van der Wath
South Africa,2007,Morne Morkel
South Africa,2007,Andre Nel
South Africa,2007,Makhaya Ntini
South Africa,2007,Thandi Tshabalala
South Africa,2009,Graeme Smith
South Africa,2009,Mark Boucher
South Africa,2009,AB de Villiers
South Africa,2009,Herschelle Gibbs
South Africa,2009,Johan Botha
South Africa,2009,Jean-Paul Duminy
South Africa,2009,Jacques Kallis
South Africa,2009,Albie Morkel
South Africa,2009,Justin Ontong
South Africa,2009,Roelof van der Merwe
South Africa,2009,Yusuf Abdulla
South Africa,2009,Morne Morkel
South Africa,2009,Wayne Parnell
South Africa,2009,Robin Peterson
South Africa,2009,Dale Steyn
South Africa,2010,Graeme Smith
South Africa,2010,Loots Bosman
South Africa,2010,Mark Boucher
South Africa,2010,AB de Villiers
South Africa,2010,Herschelle Gibbs
South Africa,2010,Jacques Kallis
South Africa,2010,Johan Botha
South Africa,2010,Jean-Paul Duminy
South Africa,2010,Albie Morkel
South Africa,2010,Roelof van der Merwe
South Africa,2010,Rory Kleinveldt
South Africa,2010,Charl Langeveldt
South Africa,2010,Morne Morkel
South Africa,2010,Dale Steyn
South Africa,2010,Rusty Theron
South Africa,2012,AB de Villiers
South Africa,2012,Hashim Amla
South Africa,2012,Faf du Plessis
South Africa,2012,Richard Levi
South Africa,2012,Farhaan Behardien
South Africa,2012,Johan Botha
South Africa,2012,Jean-Paul Duminy
South Africa,2012,Jacques Kallis
South Africa,2012,Albie Morkel
South Africa,2012,Justin Ontong
South Africa,2012,Morne Morkel
South Africa,2012,Wayne Parnell
South Africa,2012,Robin Peterson
South Africa,2012,Dale Steyn
South Africa,2012,Lonwabo Tsotsobe
South Africa,2014,Faf du Plessis
South Africa,2014,Hashim Amla
South Africa,2014,Quinton de Kock
South Africa,2014,AB de Villiers
South Africa,2014,David Miller
South Africa,2014,Farhaan Behardien
South Africa,2014,Jean-Paul Duminy
South Africa,2014,Albie Morkel
South Africa,2014,Beuran Hendricks
South Africa,2014,Imran Tahir
South Africa,2014,Morne Morkel
South Africa,2014,Wayne Parnell
South Africa,2014,Aaron Phangiso
South Africa,2014,Dale Steyn
South Africa,2014,Lonwabo Tsotsobe
South Africa,2016,Faf du Plessis
South Africa,2016,Hashim Amla
South Africa,2016,Quinton de Kock
South Africa,2016,AB de Villiers
South Africa,2016,David Miller
South Africa,2016,Rilee Rossouw
South Africa,2016,Farhaan Behardien
South Africa,2016,Jean-Paul Duminy
South Africa,2016,Chris Morris
South Africa,2016,David Wiese
South Africa,2016,Kyle Abbott
South Africa,2016,Imran Tahir
South Africa,2016,Aaron Phangiso
South Africa,2016,Kagiso Rabada
South Africa,2016,Dale Steyn
South Africa,2021,Temba Bavuma
South Africa,2021,Quinton de Kock
South Africa,2021,Reeza Hendricks
South Africa,2021,Heinrich Klaasen
South Africa,2021,Aiden Markram
South Africa,2021,David Miller
South Africa,2021,Rassie van der Dussen
South Africa,2021,Wiaan Mulder
South Africa,2021,Dwaine Pretorius
South Africa,2021,Bjorn Fortuin
South Africa,2021,Keshav Maharaj
South Africa,2021,Lungi Ngidi
South Africa,2021,Anrich Nortje
South Africa,2021,Kagiso Rabada
South Africa,2021,Tabraiz Shamsi
South Africa,2022,Temba Bavuma
South Africa,2022,Quinton de Kock
South Africa,2022,Reeza Hendricks
South Africa,2022,Heinrich Klaasen
South Africa,2022,Aiden Markram
South Africa,2022,David Miller
South Africa,2022,Rilee Rossouw
South Africa,2022,Tristan Stubbs
South Africa,2022,Keshav Maharaj
South Africa,2022,Lungi Ngidi
South Africa,2022,Anrich Nortje
South Africa,2022,Wayne Parnell
South Africa,2022,Kagiso Rabada
South Africa,2022,Tabraiz Shamsi
South Africa,2024,Aiden Markram
South Africa,2024,Quinton de Kock
South Africa,2024,Reeza Hendricks
South Africa,2024,Heinrich Klaasen
South Africa,2024,David Miller
South Africa,2024,Ryan Rickelton
South Africa,2024,Tristan Stubbs
South Africa,2024,Marco Jansen
South Africa,2024,Ottneil Baartman
South Africa,2024,Gerald Coetzee
South Africa,2024,Bjorn Fortuin
South Africa,2024,Keshav Maharaj
South Africa,2024,Anrich Nortje
South Africa,2024,Kagiso Rabada
South Africa,2024,Tabraiz Shamsi
Sri Lanka,2007,Mahela Jayawardene
Sri Lanka,2007,Kumar Sangakkara
Sri Lanka,2007,Chamara Silva
Sri Lanka,2007,Upul Tharanga
Sri Lanka,2007,Tillakaratne Dilshan
Sri Lanka,2007,Hasantha Fernando
Sri Lanka,2007,Sanath Jayasuriya
Sri Lanka,2007,Kaushal Lokuarachchi
Sri Lanka,2007,Farveez Maharoof
Sri Lanka,2007,Jehan Mubarak
Sri Lanka,2007,Dilruwan Perera
Sri Lanka,2007,Gayan Wijekoon
Sri Lanka,2007,Dilhara Fernando
Sri Lanka,2007,Lasith Malinga
Sri Lanka,2007,Chaminda Vaas
Sri Lanka,2009,Kumar Sangakkara
Sri Lanka,2009,Mahela Jayawardene
Sri Lanka,2009,Chamara Silva
Sri Lanka,2009,Tillakaratne Dilshan
Sri Lanka,2009,Sanath Jayasuriya
Sri Lanka,2009,Farveez Maharoof
Sri Lanka,2009,Angelo Mathews
Sri Lanka,2009,Jehan Mubarak
Sri Lanka,2009,Isuru Udana
Sri Lanka,2009,Muthiah Muralidaran
Sri Lanka,2009,Nuwan Kulasekara
Sri Lanka,2009,Lasith Malinga
Sri Lanka,2009,Ajantha Mendis
Sri Lanka,2009,Thilan Thushara
Sri Lanka,2009,Indika de Saram
Sri Lanka,2010,Kumar Sangakkara
Sri Lanka,2010,Dinesh Chandimal
Sri Lanka,2010,Mahela Jayawardene
Sri Lanka,2010,Chamara Kapugedera
Sri Lanka,2010,Tillakaratne Dilshan
Sri Lanka,2010,Chinthaka Jayasinghe
Sri Lanka,2010,Sanath Jayasuriya
Sri Lanka,2010,Angelo Mathews
Sri Lanka,2010,Thisara Perera
Sri Lanka,2010,Nuwan Kulasekara
Sri Lanka,2010,Lasith Malinga
Sri Lanka,2010,Ajantha Mendis
Sri Lanka,2010,Suraj Randiv
Sri Lanka,2010,Thilan Thushara
Sri Lanka,2010,Chanaka Welegedara
Sri Lanka,2012,Mahela Jayawardene
Sri Lanka,2012,Dinesh Chandimal
Sri Lanka,2012,Dilshan Munaweera
Sri Lanka,2012,Kumar Sangakkara
Sri Lanka,2012,Lahiru Thirimanne
Sri Lanka,2012,Angelo Mathews
Sri Lanka,2012,Akila Dananjaya
Sri Lanka,2012,Tillakaratne Dilshan
Sri Lanka,2012,Jeevan Mendis
Sri Lanka,2012,Thisara Perera
Sri Lanka,2012,Shaminda Eranga
Sri Lanka,2012,Rangana Herath
Sri Lanka,2012,Nuwan Kulasekara
Sri Lanka,2012,Lasith Malinga
Sri Lanka,2012,Ajantha Mendis
Sri Lanka,2014,Dinesh Chandimal
Sri Lanka,2014,Mahela Jayawardene
Sri Lanka,2014,Kusal Perera
Sri Lanka,2014,Kumar Sangakkara
Sri Lanka,2014,Lahiru Thirimanne
Sri Lanka,2014,Tillakaratne Dilshan
Sri Lanka,2014,Angelo Mathews
Sri Lanka,2014,Thisara Perera
Sri Lanka,2014,Seekkuge Prasanna
Sri Lanka,2014,Lasith Malinga
Sri Lanka,2014,Rangana Herath
Sri Lanka,2014,Nuwan Kulasekara
Sri Lanka,2014,Suranga Lakmal
Sri Lanka,2014,Ajantha Mendis
Sri Lanka,2014,Sachithra Senanayake
Sri Lanka,2016,Dinesh Chandimal
Sri Lanka,2016,Chamara Kapugedera
Sri Lanka,2016,Lahiru Thirimanne
Sri Lanka,2016,Angelo Mathews
Sri Lanka,2016,Tillakaratne Dilshan
Sri Lanka,2016,Shehan Jayasuriya
Sri Lanka,2016,Thisara Perera
Sri Lanka,2016,Dasun Shanaka
Sri Lanka,2016,Milinda Siriwardana
Sri Lanka,2016,Dushmantha Chameera
Sri Lanka,2016,Rangana Herath
Sri Lanka,2016,Nuwan Kulasekara
Sri Lanka,2016,Suranga Lakmal
Sri Lanka,2016,Sachithra Senanayake
Sri Lanka,2016,Jeffrey Vandersay
Sri Lanka,2021,Dinesh Chandimal
Sri Lanka,2021,Avishka Fernando
Sri Lanka,2021,Pathum Nissanka
Sri Lanka,2021,Kusal Perera
Sri Lanka,2021,Bhanuka Rajapaksa
Sri Lanka,2021,Dasun Shanaka
Sri Lanka,2021,Charith Asalanka
Sri Lanka,2021,Akila Dananjaya
Sri Lanka,2021,Dhananjaya de Silva
Sri Lanka,2021,Chamika Karunaratne
Sri Lanka,2021,Dushmantha Chameera
Sri Lanka,2021,Binura Fernando
Sri Lanka,2021,Lahiru Kumara
Sri Lanka,2021,Maheesh Theekshana
Sri Lanka,2022,Ashen Bandara
Sri Lanka,2022,Kusal Mendis
Sri Lanka,2022,Pathum Nissanka
Sri Lanka,2022,Bhanuka Rajapaksa
Sri Lanka,2022,Dasun Shanaka
Sri Lanka,2022,Charith Asalanka
Sri Lanka,2022,Dhananjaya de Silva
Sri Lanka,2022,Chamika Karunaratne
Sri Lanka,2022,Asitha Fernando
Sri Lanka,2022,Lahiru Kumara
Sri Lanka,2022,Kasun Rajitha
Sri Lanka,2022,Maheesh Theekshana
Sri Lanka,2022,Jeffrey Vandersay
Sri Lanka,2024,Kusal Mendis
Sri Lanka,2024,Pathum Nissanka
Sri Lanka,2024,Sadeera Samarawickrama
Sri Lanka,2024,Wanindu Hasaranga
Sri Lanka,2024,Charith Asalanka
Sri Lanka,2024,Dhananjaya de Silva
Sri Lanka,2024,Angelo Mathews
Sri Lanka,2024,Kamindu Mendis
Sri Lanka,2024,Dasun Shanaka
Sri Lanka,2024,Dushmantha Chameera
Sri Lanka,2024,Dilshan Madushanka
Sri Lanka,2024,Matheesha Pathirana
Sri Lanka,2024,Maheesh Theekshana
Sri Lanka,2024,Nuwan Thushara
Sri Lanka,2024,Dunith Wellalage
United Arab Emirates,2014,Khurram Khan
United Arab Emirates,2014,Amjad Ali
United Arab Emirates,2014,Faizan Asif
United Arab Emirates,2014,Swapnil Patil
United Arab Emirates,2014,Rohan Mustafa
United Arab Emirates,2014,Shaiman Anwar
United Arab Emirates,2014,Vikrant Shetty
United Arab Emirates,2014,Amjad Javed
United Arab Emirates,2014,Ahmed Raza
United Arab Emirates,2014,Manjula Guruge
United Arab Emirates,2014,Kamran Shazad
United Arab Emirates,2014,Sharif Asadullah
United Arab Emirates,2014,Shadeep Silva
United Arab Emirates,2014,Moaaz Qazi
United Arab Emirates,2014,Rohit Singh
United Arab Emirates,2022,CP Rizwan
United Arab Emirates,2022,Vriitya Aravind
United Arab Emirates,2022,Basil Hameed
United Arab Emirates,2022,Chirag Suri
United Arab Emirates,2022,Muhammad Waseem
United Arab Emirates,2022,Alishan Sharafu
United Arab Emirates,2022,Aayan Afzal Khan
United Arab Emirates,2022,Fahad Nawaz
United Arab Emirates,2022,Kashif Daud
United Arab Emirates,2022,Ahmed Raza
United Arab Emirates,2022,Aryan Lakra
United Arab Emirates,2022,Junaid Siddique
United Arab Emirates,2022,Karthik Meiyappan
United Arab Emirates,2022,Sabir Ali
United Arab Emirates,2022,Zahoor Khan
Uganda,2024,Fred Achelam
Uganda,2024,Roger Mukasa
Uganda,2024,Robinson Obuya
Uganda,2024,Ronak Patel
Uganda,2024,Simon Ssesazi
Uganda,2024,Riazat Ali Shah
Uganda,2024,Dinesh Nakrani
Uganda,2024,Frank Nsubuga
Uganda,2024,Alpesh Ramjani
Uganda,2024,Kenneth Waiswa
Uganda,2024,Brian Masaba
Uganda,2024,Bilal Hassan
Uganda,2024,Cosmas Kyewuta
Uganda,2024,Juma Miyagi
Uganda,2024,Henry Ssenyondo
United States of America,2024,Monank Patel
United States of America,2024,Aaron Jones
United States of America,2024,Andries Gous
United States of America,2024,Nitish Kumar
United States of America,2024,Shayan Jahangir
United States of America,2024,Steven Taylor
United States of America,2024,Corey Anderson
United States of America,2024,Harmeet Singh
United States of America,2024,Milind Kumar
United States of America,2024,Nisarg Patel
United States of America,2024,Shadley van Schalkwyk
United States of America,2024,Ali Khan
United States of America,2024,Jasdeep Singh
United States of America,2024,Nosthush Kenjige
United States of America,2024,Saurabh Netravalkar
West Indies,2007,Ramnaresh Sarwan
West Indies,2007,Shivnarine Chanderpaul
West Indies,2007,Narsingh Deonarine
West Indies,2007,Runako Morton
West Indies,2007,Denesh Ramdin
West Indies,2007,Marlon Samuels
West Indies,2007,Devon Smith
West Indies,2007,Dwayne Bravo
West Indies,2007,Chris Gayle
West Indies,2007,Daren Sammy
West Indies,2007,Dwayne Smith
West Indies,2007,Pedro Collins
West Indies,2007,Fidel Edwards
West Indies,2007,Daren Powell
West Indies,2007,Ravi Rampaul
West Indies,2009,Denesh Ramdin
West Indies,2009,Shivnarine Chanderpaul
West Indies,2009,Andre Fletcher
West Indies,2009,Xavier Marshall
West Indies,2009,Ramnaresh Sarwan
West Indies,2009,Lendl Simmons
West Indies,2009,Chris Gayle
West Indies,2009,Dwayne Bravo
West Indies,2009,Kieron Pollard
West Indies,2009,Daren Sammy
West Indies,2009,Lionel Baker
West Indies,2009,Sulieman Benn
West Indies,2009,Fidel Edwards
West Indies,2009,Jerome Taylor
West Indies,2009,David Bernard
West Indies,2010,Shivnarine Chanderpaul
West Indies,2010,Narsingh Deonarine
West Indies,2010,Andre Fletcher
West Indies,2010,Wavell Hinds
West Indies,2010,Denesh Ramdin
West Indies,2010,Ramnaresh Sarwan
West Indies,2010,Chris Gayle
West Indies,2010,Dwayne Bravo
West Indies,2010,Kieron Pollard
West Indies,2010,Daren Sammy
West Indies,2010,Sulieman Benn
West Indies,2010,Nikita Miller
West Indies,2010,Ravi Rampaul
West Indies,2010,Kemar Roach
West Indies,2010,Jerome Taylor
West Indies,2012,Darren Bravo
West Indies,2012,Johnson Charles
West Indies,2012,Denesh Ramdin
West Indies,2012,Marlon Samuels
West Indies,2012,Lendl Simmons
West Indies,2012,Daren Sammy
West Indies,2012,Dwayne Bravo
West Indies,2012,Chris Gayle
West Indies,2012,Sunil Narine
West Indies,2012,Kieron Pollard
West Indies,2012,Andre Russell
West Indies,2012,Dwayne Smith
West Indies,2012,Samuel Badree
West Indies,2012,Fidel Edwards
West Indies,2012,Ravi Rampaul
West Indies,2014,Johnson Charles
West Indies,2014,Andre Fletcher
West Indies,2014,Denesh Ramdin
West Indies,2014,Marlon Samuels
West Indies,2014,Lendl Simmons
West Indies,2014,Daren Sammy
West Indies,2014,Dwayne Bravo
West Indies,2014,Chris Gayle
West Indies,2014,Sunil Narine
West Indies,2014,Andre Russell
West Indies,2014,Dwayne Smith
West Indies,2014,Samuel Badree
West Indies,2014,Sheldon Cottrell
West Indies,2014,Ravi Rampaul
West Indies,2014,Krishmar Santokie
West Indies,2016,Johnson Charles
West Indies,2016,Evin Lewis
West Indies,2016,Denesh Ramdin
West Indies,2016,Marlon Samuels
West Indies,2016,Lendl Simmons
West Indies,2016,Daren Sammy
West Indies,2016,Carlos Brathwaite
West Indies,2016,Dwayne Bravo
West Indies,2016,Chris Gayle
West Indies,2016,Jason Holder
West Indies,2016,Andre Russell
West Indies,2016,Samuel Badree
West Indies,2016,Sulieman Benn
West Indies,2016,Ashley Nurse
West Indies,2016,Jerome Taylor
West Indies,2021,Nicholas Pooran
West Indies,2021,Andre Fletcher
West Indies,2021,Shimron Hetmyer
West Indies,2021,Evin Lewis
West Indies,2021,Lendl Simmons
West Indies,2021,Kieron Pollard
West Indies,2021,Dwayne Bravo
West Indies,2021,Roston Chase
West Indies,2021,Chris Gayle
West Indies,2021,Jason Holder
West Indies,2021,Andre Russell
West Indies,2021,Akeal Hosein
West Indies,2021,Ravi Rampaul
West Indies,2021,Oshane Thomas
West Indies,2021,Hayden Walsh
West Indies,2022,Nicholas Pooran
West Indies,2022,Rovman Powell
West Indies,2022,Shamarh Brooks
West Indies,2022,Johnson Charles
West Indies,2022,Brandon King
West Indies,2022,Evin Lewis
West Indies,2022,Jason Holder
West Indies,2022,Kyle Mayers
West Indies,2022,Raymon Reifer
West Indies,2022,Odean Smith
West Indies,2022,Yannic Cariah
West Indies,2022,Sheldon Cottrell
West Indies,2022,Akeal Hosein
West Indies,2022,Alzarri Joseph
West Indies,2022,Obed McCoy
West Indies,2024,Rovman Powell
West Indies,2024,Johnson Charles
West Indies,2024,Shimron Hetmyer
West Indies,2024,Shai Hope
West Indies,2024,Nicholas Pooran
West Indies,2024,Sherfane Rutherford
West Indies,2024,Roston Chase
West Indies,2024,Kyle Mayers
West Indies,2024,Andre Russell
West Indies,2024,Romario Shepherd
West Indies,2024,Alzarri Joseph
West Indies,2024,Akeal Hosein
West Indies,2024,Shamar Joseph
West Indies,2024,Obed McCoy
West Indies,2024,Gudakesh Motie
Zimbabwe,2007,Chamu Chibhabha
Zimbabwe,2007,Timycen Maruma
Zimbabwe,2007,Hamilton Masakadza
Zimbabwe,2007,Stuart Matsikenyeri
Zimbabwe,2007,Vusi Sibanda
Zimbabwe,2007,Tatenda Taibu
Zimbabwe,2007,Brendan Taylor
Zimbabwe,2007,Sean Williams
Zimbabwe,2007,Elton Chigumbura
Zimbabwe,2007,Keith Dabengwa
Zimbabwe,2007,Prosper Utseya
Zimbabwe,2007,Gary Brent
Zimbabwe,2007,Chris Mpofu
Zimbabwe,2007,Tawanda Mupariwa
Zimbabwe,2007,Johnson Marumisa
Zimbabwe,2010,Chamu Chibhabha
Zimbabwe,2010,Charles Coventry
Zimbabwe,2010,Craig Ervine
Zimbabwe,2010,Timycen Maruma
Zimbabwe,2010,Hamilton Masakadza
Zimbabwe,2010,Vusi Sibanda
Zimbabwe,2010,Tatenda Taibu
Zimbabwe,2010,Brendan Taylor
Zimbabwe,2010,Andy Blignaut
Zimbabwe,2010,Elton Chigumbura
Zimbabwe,2010,Greg Lamb
Zimbabwe,2010,Prosper Utseya
Zimbabwe,2010,Graeme Cremer
Zimbabwe,2010,Chris Mpofu
Zimbabwe,2010,Ray Price
Zimbabwe,2012,Brendan Taylor
Zimbabwe,2012,Craig Ervine
Zimbabwe,2012,Hamilton Masakadza
Zimbabwe,2012,Stuart Matsikenyeri
Zimbabwe,2012,Forster Mutizwa
Zimbabwe,2012,Vusi Sibanda
Zimbabwe,2012,Malcolm Waller
Zimbabwe,2012,Elton Chigumbura
Zimbabwe,2012,Graeme Cremer
Zimbabwe,2012,Kyle Jarvis
Zimbabwe,2012,Chris Mpofu
Zimbabwe,2012,Ray Price
Zimbabwe,2012,Prosper Utseya
Zimbabwe,2012,Brian Vitori
Zimbabwe,2012,Richard Muzhange
Zimbabwe,2014,Brendan Taylor
Zimbabwe,2014,Timycen Maruma
Zimbabwe,2014,Hamilton Masakadza
Zimbabwe,2014,Vusi Sibanda
Zimbabwe,2014,Malcolm Waller
Zimbabwe,2014,Sean Williams
Zimbabwe,2014,Elton Chigumbura
Zimbabwe,2014,Tafadzwa Kamungozi
Zimbabwe,2014,Sikandar Raza
Zimbabwe,2014,Tendai Chatara
Zimbabwe,2014,Shingi Masakadza
Zimbabwe,2014,Natsai M'shangwe
Zimbabwe,2014,Tinashe Panyangara
Zimbabwe,2014,Prosper Utseya
Zimbabwe,2014,Brian Vitori
Zimbabwe,2016,Hamilton Masakadza
Zimbabwe,2016,Chamu Chibhabha
Zimbabwe,2016,Peter Moor
Zimbabwe,2016,Richmond Mutumbami
Zimbabwe,2016,Vusi Sibanda
Zimbabwe,2016,Malcolm Waller
Zimbabwe,2016,Sean Williams
Zimbabwe,2016,Elton Chigumbura
Zimbabwe,2016,Sikandar Raza
Zimbabwe,2016,Tendai Chatara
Zimbabwe,2016,Tendai Chisoro
Zimbabwe,2016,Wellington Masakadza
Zimbabwe,2016,Tawanda Mupariwa
Zimbabwe,2016,Tinashe Panyangara
Zimbabwe,2016,Donald Tiripano
Zimbabwe,2022,Craig Ervine
Zimbabwe,2022,Regis Chakabva
Zimbabwe,2022,Clive Madande
Zimbabwe,2022,Milton Shumba
Zimbabwe,2022,Sean Williams
Zimbabwe,2022,Ryan Burl
Zimbabwe,2022,Brad Evans
Zimbabwe,2022,Luke Jongwe
Zimbabwe,2022,Wessly Madhevere
Zimbabwe,2022,Tony Munyonga
Zimbabwe,2022,Sikandar Raza
Zimbabwe,2022,Tendai Chatara
Zimbabwe,2022,Wellington Masakadza
Zimbabwe,2022,Blessing Muzarabani
Zimbabwe,2022,Richard Ngarava
